Elijah Lees;elijah@gmail.com
Carrol Little;carrol@gmail.com
Lonny Kendall;lonny@gmail.com
Sidney Barry;Sidney@gmail.com
Kris Stevns;kris@gmail.com
Noah Stamp;noah@gmail.com
Melissa Rogers;melissa@gmail.com
Raymon Metcalfe;raymon@gmail.com
Rogelio Needham;rogelio@gmail.com
Elba Hutton;elba@gmail.com
Cassi Southern;cassi@gmail.com
Young Macdougall;young@gmail.com